"year","wasteshed","material","disposition","tons","umbDisp"
2018,"Baker","Aluminum","landfilling",47.4129670440354,"disposal"
2018,"Baker","Aluminum","recycling",69.305,"recovery"
2018,"Baker","Cardboard","combustion",0,"disposal"
2018,"Baker","Cardboard","landfilling",414.867873691867,"disposal"
2018,"Baker","Cardboard","recycling",714.182,"recovery"
2018,"Baker","Carpeting","combustion",0,"disposal"
2018,"Baker","Carpeting","landfilling",306.891914994687,"disposal"
2018,"Baker","Carpeting","recycling",0,"recovery"
2018,"Baker","FoodWaste","anaerobicDigestion",0,"recovery"
2018,"Baker","FoodWaste","combustion",0,"disposal"
2018,"Baker","FoodWaste","composting",0,"recovery"
2018,"Baker","FoodWaste","landfilling",1915.9758643684,"disposal"
2018,"Baker","Glass","landfilling",199.809740157908,"disposal"
2018,"Baker","Glass","recycling",245.499,"recovery"
2018,"Baker","Glass","recyclingPozzolan",0,"recovery"
2018,"Baker","Glass","recyclingToFiberglass",0,"recovery"
2018,"Baker","Glass","reuseContainer",0,"recovery"
2018,"Baker","Glass","useAsAggregate",0,"recovery"
2018,"Baker","PaperFiber","combustion",0,"disposal"
2018,"Baker","PaperFiber","landfilling",1588.43035797019,"disposal"
2018,"Baker","PaperFiber","recycling",120.839,"recovery"
2018,"Baker","PlasticFilm","combustion",0,"disposal"
2018,"Baker","PlasticFilm","landfilling",617.544086310472,"disposal"
2018,"Baker","PlasticFilm","recycling",14.551,"recovery"
2018,"Baker","ScrapMetal","landfilling",500.069160879023,"disposal"
2018,"Baker","ScrapMetal","recycling",199.536,"recovery"
2018,"Baker","TinnedCan","landfilling",81.9653684845068,"disposal"
2018,"Baker","TinnedCan","recycling",1.7,"recovery"
2018,"Benton","Aluminum","landfilling",226.696567428565,"disposal"
2018,"Benton","Aluminum","recycling",431.208,"recovery"
2018,"Benton","Cardboard","combustion",0.00803777625316263,"disposal"
2018,"Benton","Cardboard","landfilling",1983.61606045419,"disposal"
2018,"Benton","Cardboard","recycling",7413.596,"recovery"
2018,"Benton","Carpeting","combustion",0.00594581721809581,"disposal"
2018,"Benton","Carpeting","landfilling",1467.34844997697,"disposal"
2018,"Benton","Carpeting","recycling",0,"recovery"
2018,"Benton","FoodWaste","anaerobicDigestion",0,"recovery"
2018,"Benton","FoodWaste","combustion",0.0371206986147381,"disposal"
2018,"Benton","FoodWaste","composting",1019.904,"recovery"
2018,"Benton","FoodWaste","landfilling",9160.89371342001,"disposal"
2018,"Benton","Glass","landfilling",955.354306144181,"disposal"
2018,"Benton","Glass","recycling",2437.844,"recovery"
2018,"Benton","Glass","recyclingPozzolan",0,"recovery"
2018,"Benton","Glass","recyclingToFiberglass",0,"recovery"
2018,"Benton","Glass","reuseContainer",0,"recovery"
2018,"Benton","Glass","useAsAggregate",0,"recovery"
2018,"Benton","PaperFiber","combustion",0.0307747324406663,"disposal"
2018,"Benton","PaperFiber","landfilling",7594.79383386255,"disposal"
2018,"Benton","PaperFiber","recycling",4154.297,"recovery"
2018,"Benton","PlasticFilm","combustion",0.011964486784807,"disposal"
2018,"Benton","PlasticFilm","landfilling",2952.67588869457,"disposal"
2018,"Benton","PlasticFilm","recycling",109.355,"recovery"
2018,"Benton","ScrapMetal","landfilling",2390.9906786232,"disposal"
2018,"Benton","ScrapMetal","recycling",3775.609,"recovery"
2018,"Benton","TinnedCan","landfilling",391.902655368469,"disposal"
2018,"Benton","TinnedCan","recycling",180.868,"recovery"
2018,"Clatsop","Aluminum","landfilling",120.828259439248,"disposal"
2018,"Clatsop","Aluminum","recycling",340.451,"recovery"
2018,"Clatsop","Cardboard","combustion",0.00278230716445372,"disposal"
2018,"Clatsop","Cardboard","landfilling",1057.25851387645,"disposal"
2018,"Clatsop","Cardboard","recycling",4330.026,"recovery"
2018,"Clatsop","Carpeting","combustion",0.00205816749849575,"disposal"
2018,"Clatsop","Carpeting","landfilling",782.090179894166,"disposal"
2018,"Clatsop","Carpeting","recycling",0,"recovery"
2018,"Clatsop","FoodWaste","anaerobicDigestion",0,"recovery"
2018,"Clatsop","FoodWaste","combustion",0.0128494725969356,"disposal"
2018,"Clatsop","FoodWaste","composting",2.532,"recovery"
2018,"Clatsop","FoodWaste","landfilling",4882.71549435474,"disposal"
2018,"Clatsop","Glass","landfilling",509.199584574947,"disposal"
2018,"Clatsop","Glass","recycling",1507.64,"recovery"
2018,"Clatsop","Glass","recyclingPozzolan",0,"recovery"
2018,"Clatsop","Glass","recyclingToFiberglass",0,"recovery"
2018,"Clatsop","Glass","reuseContainer",0,"recovery"
2018,"Clatsop","Glass","useAsAggregate",0,"recovery"
2018,"Clatsop","PaperFiber","combustion",0.0106527919982994,"disposal"
2018,"Clatsop","PaperFiber","landfilling",4047.99124289658,"disposal"
2018,"Clatsop","PaperFiber","recycling",1404.823,"recovery"
2018,"Clatsop","PlasticFilm","combustion",0.00414155311766512,"disposal"
2018,"Clatsop","PlasticFilm","landfilling",1573.76308060607,"disposal"
2018,"Clatsop","PlasticFilm","recycling",35.121,"recovery"
2018,"Clatsop","ScrapMetal","landfilling",1274.38736858926,"disposal"
2018,"Clatsop","ScrapMetal","recycling",5555.646,"recovery"
2018,"Clatsop","TinnedCan","landfilling",208.882367540537,"disposal"
2018,"Clatsop","TinnedCan","recycling",62.297,"recovery"
2018,"Columbia","Aluminum","landfilling",114.242684379478,"disposal"
2018,"Columbia","Aluminum","recycling",217.01,"recovery"
2018,"Columbia","Cardboard","combustion",0.00370974288609552,"disposal"
2018,"Columbia","Cardboard","landfilling",999.634119276819,"disposal"
2018,"Columbia","Cardboard","recycling",2837.917,"recovery"
2018,"Columbia","Carpeting","combustion",0.00274422333144397,"disposal"
2018,"Columbia","Carpeting","landfilling",739.463449962732,"disposal"
2018,"Columbia","Carpeting","recycling",0,"recovery"
2018,"Columbia","FoodWaste","anaerobicDigestion",0,"recovery"
2018,"Columbia","FoodWaste","combustion",0.0171326301299736,"disposal"
2018,"Columbia","FoodWaste","composting",4.742,"recovery"
2018,"Columbia","FoodWaste","landfilling",4616.58992461795,"disposal"
2018,"Columbia","Glass","landfilling",481.446374355875,"disposal"
2018,"Columbia","Glass","recycling",604.032,"recovery"
2018,"Columbia","Glass","recyclingPozzolan",0,"recovery"
2018,"Columbia","Glass","recyclingToFiberglass",0,"recovery"
2018,"Columbia","Glass","reuseContainer",0,"recovery"
2018,"Columbia","Glass","useAsAggregate",0,"recovery"
2018,"Columbia","PaperFiber","combustion",0.0142037226650012,"disposal"
2018,"Columbia","PaperFiber","landfilling",3827.36114944737,"disposal"
2018,"Columbia","PaperFiber","recycling",3113.934,"recovery"
2018,"Columbia","PlasticFilm","combustion",0.00552207082378753,"disposal"
2018,"Columbia","PlasticFilm","landfilling",1487.98732796571,"disposal"
2018,"Columbia","PlasticFilm","recycling",12.071,"recovery"
2018,"Columbia","ScrapMetal","landfilling",1204.92866985425,"disposal"
2018,"Columbia","ScrapMetal","recycling",1187.662,"recovery"
2018,"Columbia","TinnedCan","landfilling",197.497526639205,"disposal"
2018,"Columbia","TinnedCan","recycling",2.985,"recovery"
2018,"Coos","Aluminum","landfilling",180.804264350746,"disposal"
2018,"Coos","Aluminum","recycling",425.195,"recovery"
2018,"Coos","Cardboard","combustion",0.000309145240551694,"disposal"
2018,"Coos","Cardboard","landfilling",1582.05413797347,"disposal"
2018,"Coos","Cardboard","recycling",3219.579,"recovery"
2018,"Coos","Carpeting","combustion",0.000228685277652682,"disposal"
2018,"Coos","Carpeting","landfilling",1170.29940088481,"disposal"
2018,"Coos","Carpeting","recycling",0,"recovery"
2018,"Coos","FoodWaste","anaerobicDigestion",0,"recovery"
2018,"Coos","FoodWaste","combustion",0.00142771917769978,"disposal"
2018,"Coos","FoodWaste","composting",38.74,"recovery"
2018,"Coos","FoodWaste","landfilling",7306.36845294186,"disposal"
2018,"Coos","Glass","landfilling",761.953012681348,"disposal"
2018,"Coos","Glass","recycling",1092.879,"recovery"
2018,"Coos","Glass","recyclingPozzolan",0,"recovery"
2018,"Coos","Glass","recyclingToFiberglass",0,"recovery"
2018,"Coos","Glass","reuseContainer",0,"recovery"
2018,"Coos","Glass","useAsAggregate",0,"recovery"
2018,"Coos","PaperFiber","combustion",0.00118364355558422,"disposal"
2018,"Coos","PaperFiber","landfilling",6057.30879652512,"disposal"
2018,"Coos","PaperFiber","recycling",863.49,"recovery"
2018,"Coos","PlasticFilm","combustion",0.00046017256871406,"disposal"
2018,"Coos","PlasticFilm","landfilling",2354.93813592846,"disposal"
2018,"Coos","PlasticFilm","recycling",16.963,"recovery"
2018,"Coos","ScrapMetal","landfilling",1906.96010804919,"disposal"
2018,"Coos","ScrapMetal","recycling",5281.404,"recovery"
2018,"Coos","TinnedCan","landfilling",312.566141184859,"disposal"
2018,"Coos","TinnedCan","recycling",37.283,"recovery"
2018,"Crook","Aluminum","landfilling",81.0807762566852,"disposal"
2018,"Crook","Aluminum","recycling",79.504,"recovery"
2018,"Crook","Cardboard","combustion",0,"disposal"
2018,"Crook","Cardboard","landfilling",709.464337291009,"disposal"
2018,"Crook","Cardboard","recycling",826.968,"recovery"
2018,"Crook","Carpeting","combustion",0,"disposal"
2018,"Crook","Carpeting","landfilling",524.814966158087,"disposal"
2018,"Crook","Carpeting","recycling",0,"recovery"
2018,"Crook","FoodWaste","anaerobicDigestion",0,"recovery"
2018,"Crook","FoodWaste","combustion",0,"disposal"
2018,"Crook","FoodWaste","composting",0,"recovery"
2018,"Crook","FoodWaste","landfilling",3276.50472133037,"disposal"
2018,"Crook","Glass","landfilling",341.694052190472,"disposal"
2018,"Crook","Glass","recycling",264.755,"recovery"
2018,"Crook","Glass","recyclingPozzolan",0,"recovery"
2018,"Crook","Glass","recyclingToFiberglass",0,"recovery"
2018,"Crook","Glass","reuseContainer",0,"recovery"
2018,"Crook","Glass","useAsAggregate",0,"recovery"
2018,"Crook","PaperFiber","combustion",0,"disposal"
2018,"Crook","PaperFiber","landfilling",2716.37010892591,"disposal"
2018,"Crook","PaperFiber","recycling",291.269,"recovery"
2018,"Crook","PlasticFilm","combustion",0,"disposal"
2018,"Crook","PlasticFilm","landfilling",1056.06033565194,"disposal"
2018,"Crook","PlasticFilm","recycling",25.955,"recovery"
2018,"Crook","ScrapMetal","landfilling",855.166809291703,"disposal"
2018,"Crook","ScrapMetal","recycling",2542.76,"recovery"
2018,"Crook","TinnedCan","landfilling",140.168736892519,"disposal"
2018,"Crook","TinnedCan","recycling",8.717,"recovery"
2018,"Curry","Aluminum","landfilling",71.1316908208582,"disposal"
2018,"Curry","Aluminum","recycling",114.887,"recovery"
2018,"Curry","Cardboard","combustion",0,"disposal"
2018,"Curry","Cardboard","landfilling",622.408913906374,"disposal"
2018,"Curry","Cardboard","recycling",1869.592,"recovery"
2018,"Curry","Carpeting","combustion",0,"disposal"
2018,"Curry","Carpeting","landfilling",460.417100506462,"disposal"
2018,"Curry","Carpeting","recycling",0,"recovery"
2018,"Curry","FoodWaste","anaerobicDigestion",0,"recovery"
2018,"Curry","FoodWaste","combustion",0,"disposal"
2018,"Curry","FoodWaste","composting",0,"recovery"
2018,"Curry","FoodWaste","landfilling",2874.45842986164,"disposal"
2018,"Curry","Glass","landfilling",299.766193638716,"disposal"
2018,"Curry","Glass","recycling",698.789,"recovery"
2018,"Curry","Glass","recyclingPozzolan",0,"recovery"
2018,"Curry","Glass","recyclingToFiberglass",0,"recovery"
2018,"Curry","Glass","reuseContainer",0,"recovery"
2018,"Curry","Glass","useAsAggregate",0,"recovery"
2018,"Curry","PaperFiber","combustion",0,"disposal"
2018,"Curry","PaperFiber","landfilling",2383.05561026505,"disposal"
2018,"Curry","PaperFiber","recycling",427.302,"recovery"
2018,"Curry","PlasticFilm","combustion",0,"disposal"
2018,"Curry","PlasticFilm","landfilling",926.475556252116,"disposal"
2018,"Curry","PlasticFilm","recycling",0,"recovery"
2018,"Curry","ScrapMetal","landfilling",750.232840472859,"disposal"
2018,"Curry","ScrapMetal","recycling",2650.688,"recovery"
2018,"Curry","TinnedCan","landfilling",122.969213119328,"disposal"
2018,"Curry","TinnedCan","recycling",18.961,"recovery"
2018,"Deschutes","Aluminum","landfilling",635.917938462039,"disposal"
2018,"Deschutes","Aluminum","recycling",930.16,"recovery"
2018,"Deschutes","Cardboard","combustion",0.00154572620238494,"disposal"
2018,"Deschutes","Cardboard","landfilling",5564.34113746212,"disposal"
2018,"Deschutes","Cardboard","recycling",15442.392,"recovery"
2018,"Deschutes","Carpeting","combustion",0.0011434263879871,"disposal"
2018,"Deschutes","Carpeting","landfilling",4116.13290796236,"disposal"
2018,"Deschutes","Carpeting","recycling",0,"recovery"
2018,"Deschutes","FoodWaste","anaerobicDigestion",0,"recovery"
2018,"Deschutes","FoodWaste","combustion",0.00713859588677384,"disposal"
2018,"Deschutes","FoodWaste","combustion",23.198,"recovery"
2018,"Deschutes","FoodWaste","composting",816.707,"recovery"
2018,"Deschutes","FoodWaste","landfilling",25697.6835193749,"disposal"
2018,"Deschutes","Glass","landfilling",2679.91239459538,"disposal"
2018,"Deschutes","Glass","recycling",7196.347,"recovery"
2018,"Deschutes","Glass","recyclingPozzolan",0,"recovery"
2018,"Deschutes","Glass","recyclingToFiberglass",0,"recovery"
2018,"Deschutes","Glass","reuseContainer",0,"recovery"
2018,"Deschutes","Glass","useAsAggregate",0,"recovery"
2018,"Deschutes","PaperFiber","combustion",0.00591821777649095,"disposal"
2018,"Deschutes","PaperFiber","landfilling",21304.538011569,"disposal"
2018,"Deschutes","PaperFiber","recycling",8348.114,"recovery"
2018,"Deschutes","PlasticFilm","combustion",0.0023008628430143,"disposal"
2018,"Deschutes","PlasticFilm","landfilling",8282.69958113457,"disposal"
2018,"Deschutes","PlasticFilm","recycling",86.943,"recovery"
2018,"Deschutes","ScrapMetal","landfilling",6707.08815964378,"disposal"
2018,"Deschutes","ScrapMetal","recycling",11844.863,"recovery"
2018,"Deschutes","TinnedCan","landfilling",1099.34584147706,"disposal"
2018,"Deschutes","TinnedCan","recycling",321.97,"recovery"
2018,"Douglas","Aluminum","landfilling",299.374974932895,"disposal"
2018,"Douglas","Aluminum","recycling",2882.861,"recovery"
2018,"Douglas","Cardboard","combustion",0.000309145240363262,"disposal"
2018,"Douglas","Cardboard","landfilling",2619.55888927206,"disposal"
2018,"Douglas","Cardboard","recycling",5607.968,"recovery"
2018,"Douglas","Carpeting","combustion",0.000228685277513293,"disposal"
2018,"Douglas","Carpeting","landfilling",1937.77704890968,"disposal"
2018,"Douglas","Carpeting","recycling",0,"recovery"
2018,"Douglas","FoodWaste","anaerobicDigestion",0,"recovery"
2018,"Douglas","FoodWaste","combustion",0.00142771917682955,"disposal"
2018,"Douglas","FoodWaste","composting",0,"recovery"
2018,"Douglas","FoodWaste","landfilling",12097.8555472934,"disposal"
2018,"Douglas","Glass","landfilling",1261.63873894594,"disposal"
2018,"Douglas","Glass","recycling",1814.948,"recovery"
2018,"Douglas","Glass","recyclingPozzolan",0,"recovery"
2018,"Douglas","Glass","recyclingToFiberglass",0,"recovery"
2018,"Douglas","Glass","reuseContainer",0,"recovery"
2018,"Douglas","Glass","useAsAggregate",0,"recovery"
2018,"Douglas","PaperFiber","combustion",0.00118364355486276,"disposal"
2018,"Douglas","PaperFiber","landfilling",10029.6675835181,"disposal"
2018,"Douglas","PaperFiber","recycling",1594.155,"recovery"
2018,"Douglas","PlasticFilm","combustion",0.000460172568433574,"disposal"
2018,"Douglas","PlasticFilm","landfilling",3899.29710974317,"disposal"
2018,"Douglas","PlasticFilm","recycling",80.383,"recovery"
2018,"Douglas","ScrapMetal","landfilling",3157.53688993621,"disposal"
2018,"Douglas","ScrapMetal","recycling",7529.532,"recovery"
2018,"Douglas","TinnedCan","landfilling",517.545761534486,"disposal"
2018,"Douglas","TinnedCan","recycling",82.217,"recovery"
2018,"Gilliam","Aluminum","landfilling",13.9410337057265,"disposal"
2018,"Gilliam","Aluminum","recycling",2.992,"recovery"
2018,"Gilliam","Cardboard","combustion",0,"disposal"
2018,"Gilliam","Cardboard","landfilling",121.985342220615,"disposal"
2018,"Gilliam","Cardboard","recycling",39.963,"recovery"
2018,"Gilliam","Carpeting","combustion",0,"disposal"
2018,"Gilliam","Carpeting","landfilling",90.2367178789356,"disposal"
2018,"Gilliam","Carpeting","recycling",0,"recovery"
2018,"Gilliam","FoodWaste","anaerobicDigestion",0,"recovery"
2018,"Gilliam","FoodWaste","combustion",0,"disposal"
2018,"Gilliam","FoodWaste","composting",0,"recovery"
2018,"Gilliam","FoodWaste","landfilling",563.362425298346,"disposal"
2018,"Gilliam","Glass","landfilling",58.7508965571958,"disposal"
2018,"Gilliam","Glass","recycling",9.148,"recovery"
2018,"Gilliam","Glass","recyclingPozzolan",0,"recovery"
2018,"Gilliam","Glass","recyclingToFiberglass",0,"recovery"
2018,"Gilliam","Glass","reuseContainer",0,"recovery"
2018,"Gilliam","Glass","useAsAggregate",0,"recovery"
2018,"Gilliam","PaperFiber","combustion",0,"disposal"
2018,"Gilliam","PaperFiber","landfilling",467.052845250008,"disposal"
2018,"Gilliam","PaperFiber","recycling",0,"recovery"
2018,"Gilliam","PlasticFilm","combustion",0,"disposal"
2018,"Gilliam","PlasticFilm","landfilling",181.579079706834,"disposal"
2018,"Gilliam","PlasticFilm","recycling",0,"recovery"
2018,"Gilliam","ScrapMetal","landfilling",147.0374343064,"disposal"
2018,"Gilliam","ScrapMetal","recycling",90.886,"recovery"
2018,"Gilliam","TinnedCan","landfilling",24.100621327569,"disposal"
2018,"Gilliam","TinnedCan","recycling",0.7,"recovery"
2018,"Grant","Aluminum","landfilling",15.0366999143943,"disposal"
2018,"Grant","Aluminum","recycling",48.657,"recovery"
2018,"Grant","Cardboard","combustion",0,"disposal"
2018,"Grant","Cardboard","landfilling",131.572523504669,"disposal"
2018,"Grant","Cardboard","recycling",392.088,"recovery"
2018,"Grant","Carpeting","combustion",0,"disposal"
2018,"Grant","Carpeting","landfilling",97.3286828399286,"disposal"
2018,"Grant","Carpeting","recycling",0,"recovery"
2018,"Grant","FoodWaste","anaerobicDigestion",0,"recovery"
2018,"Grant","FoodWaste","combustion",0,"disposal"
2018,"Grant","FoodWaste","composting",0,"recovery"
2018,"Grant","FoodWaste","landfilling",607.638709658734,"disposal"
2018,"Grant","Glass","landfilling",63.368299645477,"disposal"
2018,"Grant","Glass","recycling",92.267,"recovery"
2018,"Grant","Glass","recyclingPozzolan",0,"recovery"
2018,"Grant","Glass","recyclingToFiberglass",0,"recovery"
2018,"Grant","Glass","reuseContainer",0,"recovery"
2018,"Grant","Glass","useAsAggregate",0,"recovery"
2018,"Grant","PaperFiber","combustion",0,"disposal"
2018,"Grant","PaperFiber","landfilling",503.759880826026,"disposal"
2018,"Grant","PaperFiber","recycling",65.276,"recovery"
2018,"Grant","PlasticFilm","combustion",0,"disposal"
2018,"Grant","PlasticFilm","landfilling",195.849905388436,"disposal"
2018,"Grant","PlasticFilm","recycling",6.923,"recovery"
2018,"Grant","ScrapMetal","landfilling",158.593532052046,"disposal"
2018,"Grant","ScrapMetal","recycling",10.074,"recovery"
2018,"Grant","TinnedCan","landfilling",25.9947589470532,"disposal"
2018,"Grant","TinnedCan","recycling",1.7,"recovery"
2018,"Harney","Aluminum","landfilling",16.1872556016746,"disposal"
2018,"Harney","Aluminum","recycling",37.307,"recovery"
2018,"Harney","Cardboard","combustion",0,"disposal"
2018,"Harney","Cardboard","landfilling",141.639992834373,"disposal"
2018,"Harney","Cardboard","recycling",369.404,"recovery"
2018,"Harney","Carpeting","combustion",0,"disposal"
2018,"Harney","Carpeting","landfilling",104.775933248231,"disposal"
2018,"Harney","Carpeting","recycling",0,"recovery"
2018,"Harney","FoodWaste","anaerobicDigestion",0,"recovery"
2018,"Harney","FoodWaste","combustion",0,"disposal"
2018,"Harney","FoodWaste","composting",0,"recovery"
2018,"Harney","FoodWaste","landfilling",654.13309853327,"disposal"
2018,"Harney","Glass","landfilling",68.2170203066239,"disposal"
2018,"Harney","Glass","recycling",77.134,"recovery"
2018,"Harney","Glass","recyclingPozzolan",0,"recovery"
2018,"Harney","Glass","recyclingToFiberglass",0,"recovery"
2018,"Harney","Glass","reuseContainer",0,"recovery"
2018,"Harney","Glass","useAsAggregate",0,"recovery"
2018,"Harney","PaperFiber","combustion",0,"disposal"
2018,"Harney","PaperFiber","landfilling",542.305825029728,"disposal"
2018,"Harney","PaperFiber","recycling",97.419,"recovery"
2018,"Harney","PlasticFilm","combustion",0,"disposal"
2018,"Harney","PlasticFilm","landfilling",210.835655172687,"disposal"
2018,"Harney","PlasticFilm","recycling",10.674,"recovery"
2018,"Harney","ScrapMetal","landfilling",170.728554451056,"disposal"
2018,"Harney","ScrapMetal","recycling",263.508,"recovery"
2018,"Harney","TinnedCan","landfilling",27.9837869862032,"disposal"
2018,"Harney","TinnedCan","recycling",3.872,"recovery"
2018,"Hood River","Aluminum","landfilling",81.2728293699642,"disposal"
2018,"Hood River","Aluminum","recycling",251.284,"recovery"
2018,"Hood River","Cardboard","combustion",0.00309145240503032,"disposal"
2018,"Hood River","Cardboard","landfilling",711.144819903877,"disposal"
2018,"Hood River","Cardboard","recycling",2896.011,"recovery"
2018,"Hood River","Carpeting","combustion",0.00228685277616685,"disposal"
2018,"Hood River","Carpeting","landfilling",526.058076458696,"disposal"
2018,"Hood River","Carpeting","recycling",0,"recovery"
2018,"Hood River","FoodWaste","anaerobicDigestion",0,"recovery"
2018,"Hood River","FoodWaste","combustion",0.0142771917747504,"disposal"
2018,"Hood River","FoodWaste","composting",65.623,"recovery"
2018,"Hood River","FoodWaste","landfilling",3284.26566000728,"disposal"
2018,"Hood River","Glass","landfilling",342.503410580238,"disposal"
2018,"Hood River","Glass","recycling",966.043,"recovery"
2018,"Hood River","Glass","recyclingPozzolan",0,"recovery"
2018,"Hood River","Glass","recyclingToFiberglass",0,"recovery"
2018,"Hood River","Glass","reuseContainer",0,"recovery"
2018,"Hood River","Glass","useAsAggregate",0,"recovery"
2018,"Hood River","PaperFiber","combustion",0.011836435553979,"disposal"
2018,"Hood River","PaperFiber","landfilling",2722.80427692876,"disposal"
2018,"Hood River","PaperFiber","recycling",578.681,"recovery"
2018,"Hood River","PlasticFilm","combustion",0.00460172568641625,"disposal"
2018,"Hood River","PlasticFilm","landfilling",1058.56178771785,"disposal"
2018,"Hood River","PlasticFilm","recycling",90.863,"recovery"
2018,"Hood River","ScrapMetal","landfilling",857.192412100159,"disposal"
2018,"Hood River","ScrapMetal","recycling",617.206,"recovery"
2018,"Hood River","TinnedCan","landfilling",140.500749529144,"disposal"
2018,"Hood River","TinnedCan","recycling",3.4,"recovery"
2018,"Jackson","Aluminum","landfilling",689.62386622511,"disposal"
2018,"Jackson","Aluminum","recycling",750.454,"recovery"
2018,"Jackson","Cardboard","combustion",0,"disposal"
2018,"Jackson","Cardboard","landfilling",6034.2730030427,"disposal"
2018,"Jackson","Cardboard","recycling",17657.554,"recovery"
2018,"Jackson","Carpeting","combustion",0,"disposal"
2018,"Jackson","Carpeting","landfilling",4463.75753568219,"disposal"
2018,"Jackson","Carpeting","recycling",0,"recovery"
2018,"Jackson","FoodWaste","anaerobicDigestion",0,"recovery"
2018,"Jackson","FoodWaste","combustion",0,"disposal"
2018,"Jackson","FoodWaste","combustion",28.14,"recovery"
2018,"Jackson","FoodWaste","composting",102.474,"recovery"
2018,"Jackson","FoodWaste","landfilling",27867.9602977083,"disposal"
2018,"Jackson","Glass","landfilling",2906.24219718529,"disposal"
2018,"Jackson","Glass","recycling",5012.454,"recovery"
2018,"Jackson","Glass","recyclingPozzolan",0,"recovery"
2018,"Jackson","Glass","recyclingToFiberglass",0,"recovery"
2018,"Jackson","Glass","reuseContainer",0,"recovery"
2018,"Jackson","Glass","useAsAggregate",0,"recovery"
2018,"Jackson","PaperFiber","combustion",0,"disposal"
2018,"Jackson","PaperFiber","landfilling",23103.7952903338,"disposal"
2018,"Jackson","PaperFiber","recycling",5957.473,"recovery"
2018,"Jackson","PlasticFilm","combustion",0,"disposal"
2018,"Jackson","PlasticFilm","landfilling",8982.20817883736,"disposal"
2018,"Jackson","PlasticFilm","recycling",303.601,"recovery"
2018,"Jackson","ScrapMetal","landfilling",7273.52978743233,"disposal"
2018,"Jackson","ScrapMetal","recycling",9529.156,"recovery"
2018,"Jackson","TinnedCan","landfilling",1192.19019257649,"disposal"
2018,"Jackson","TinnedCan","recycling",756.863,"recovery"
2018,"Jefferson","Aluminum","landfilling",56.6575020707165,"disposal"
2018,"Jefferson","Aluminum","recycling",110.149,"recovery"
2018,"Jefferson","Cardboard","combustion",0.000618290481019507,"disposal"
2018,"Jefferson","Cardboard","landfilling",495.7584154339,"disposal"
2018,"Jefferson","Cardboard","recycling",713.53,"recovery"
2018,"Jefferson","Carpeting","combustion",0.000457370555243315,"disposal"
2018,"Jefferson","Carpeting","landfilling",366.729407445617,"disposal"
2018,"Jefferson","Carpeting","recycling",0,"recovery"
2018,"Jefferson","FoodWaste","anaerobicDigestion",0,"recovery"
2018,"Jefferson","FoodWaste","combustion",0.00285543835501217,"disposal"
2018,"Jefferson","FoodWaste","composting",0,"recovery"
2018,"Jefferson","FoodWaste","landfilling",2289.55100831538,"disposal"
2018,"Jefferson","Glass","landfilling",238.768452441117,"disposal"
2018,"Jefferson","Glass","recycling",218.468,"recovery"
2018,"Jefferson","Glass","recyclingPozzolan",0,"recovery"
2018,"Jefferson","Glass","recyclingToFiberglass",0,"recovery"
2018,"Jefferson","Glass","reuseContainer",0,"recovery"
2018,"Jefferson","Glass","useAsAggregate",0,"recovery"
2018,"Jefferson","PaperFiber","combustion",0.00236728711084728,"disposal"
2018,"Jefferson","PaperFiber","landfilling",1898.14099194213,"disposal"
2018,"Jefferson","PaperFiber","recycling",87.489,"recovery"
2018,"Jefferson","PlasticFilm","combustion",0.000920345137303262,"disposal"
2018,"Jefferson","PlasticFilm","landfilling",737.952242398125,"disposal"
2018,"Jefferson","PlasticFilm","recycling",22.221,"recovery"
2018,"Jefferson","ScrapMetal","landfilling",597.572168214877,"disposal"
2018,"Jefferson","ScrapMetal","recycling",2603.036,"recovery"
2018,"Jefferson","TinnedCan","landfilling",97.9468977405455,"disposal"
2018,"Jefferson","TinnedCan","recycling",1.248,"recovery"
2018,"Josephine","Aluminum","landfilling",284.754553206455,"disposal"
2018,"Josephine","Aluminum","recycling",535.969,"recovery"
2018,"Josephine","Cardboard","combustion",0,"disposal"
2018,"Josephine","Cardboard","landfilling",2491.62883864914,"disposal"
2018,"Josephine","Cardboard","recycling",7800.772,"recovery"
2018,"Josephine","Carpeting","combustion",0,"disposal"
2018,"Josephine","Carpeting","landfilling",1843.14282748477,"disposal"
2018,"Josephine","Carpeting","recycling",0,"recovery"
2018,"Josephine","FoodWaste","anaerobicDigestion",0,"recovery"
2018,"Josephine","FoodWaste","combustion",0,"disposal"
2018,"Josephine","FoodWaste","composting",40.1,"recovery"
2018,"Josephine","FoodWaste","landfilling",11507.0387960715,"disposal"
2018,"Josephine","Glass","landfilling",1200.0247365266,"disposal"
2018,"Josephine","Glass","recycling",1855.402,"recovery"
2018,"Josephine","Glass","recyclingPozzolan",0,"recovery"
2018,"Josephine","Glass","recyclingToFiberglass",0,"recovery"
2018,"Josephine","Glass","reuseContainer",0,"recovery"
2018,"Josephine","Glass","useAsAggregate",0,"recovery"
2018,"Josephine","PaperFiber","combustion",0,"disposal"
2018,"Josephine","PaperFiber","landfilling",9539.85386451935,"disposal"
2018,"Josephine","PaperFiber","recycling",1086.264,"recovery"
2018,"Josephine","PlasticFilm","combustion",0,"disposal"
2018,"Josephine","PlasticFilm","landfilling",3708.86914162755,"disposal"
2018,"Josephine","PlasticFilm","recycling",34.735,"recovery"
2018,"Josephine","ScrapMetal","landfilling",3003.33388429752,"disposal"
2018,"Josephine","ScrapMetal","recycling",6944.618,"recovery"
2018,"Josephine","TinnedCan","landfilling",492.270645275814,"disposal"
2018,"Josephine","TinnedCan","recycling",80.232,"recovery"
2018,"Klamath","Aluminum","landfilling",238.062109494635,"disposal"
2018,"Klamath","Aluminum","recycling",430.35,"recovery"
2018,"Klamath","Cardboard","combustion",0.00278230716446814,"disposal"
2018,"Klamath","Cardboard","landfilling",2083.0656111631,"disposal"
2018,"Klamath","Cardboard","recycling",3208.512,"recovery"
2018,"Klamath","Carpeting","combustion",0.00205816749850641,"disposal"
2018,"Klamath","Carpeting","landfilling",1540.91467430479,"disposal"
2018,"Klamath","Carpeting","recycling",0,"recovery"
2018,"Klamath","FoodWaste","anaerobicDigestion",0,"recovery"
2018,"Klamath","FoodWaste","combustion",0.0128494725970022,"disposal"
2018,"Klamath","FoodWaste","composting",0,"recovery"
2018,"Klamath","FoodWaste","landfilling",9620.17955106498,"disposal"
2018,"Klamath","Glass","landfilling",1003.25145640828,"disposal"
2018,"Klamath","Glass","recycling",1268.137,"recovery"
2018,"Klamath","Glass","recyclingPozzolan",0,"recovery"
2018,"Klamath","Glass","recyclingToFiberglass",0,"recovery"
2018,"Klamath","Glass","reuseContainer",0,"recovery"
2018,"Klamath","Glass","useAsAggregate",0,"recovery"
2018,"Klamath","PaperFiber","combustion",0.0106527919983547,"disposal"
2018,"Klamath","PaperFiber","landfilling",7975.56249648948,"disposal"
2018,"Klamath","PaperFiber","recycling",1398.492,"recovery"
2018,"Klamath","PlasticFilm","combustion",0.00414155311768658,"disposal"
2018,"Klamath","PlasticFilm","landfilling",3100.70972264754,"disposal"
2018,"Klamath","PlasticFilm","recycling",39.103,"recovery"
2018,"Klamath","ScrapMetal","landfilling",2510.86415286994,"disposal"
2018,"Klamath","ScrapMetal","recycling",4592.293,"recovery"
2018,"Klamath","TinnedCan","landfilling",411.550884567168,"disposal"
2018,"Klamath","TinnedCan","recycling",181.186,"recovery"
2018,"Lake","Aluminum","landfilling",22.8470035318098,"disposal"
2018,"Lake","Aluminum","recycling",34.993,"recovery"
2018,"Lake","Cardboard","combustion",0.00278230716456576,"disposal"
2018,"Lake","Cardboard","landfilling",199.913406951926,"disposal"
2018,"Lake","Cardboard","recycling",212.405,"recovery"
2018,"Lake","Carpeting","combustion",0.00205816749857863,"disposal"
2018,"Lake","Carpeting","landfilling",147.882765051498,"disposal"
2018,"Lake","Carpeting","recycling",0,"recovery"
2018,"Lake","FoodWaste","anaerobicDigestion",0,"recovery"
2018,"Lake","FoodWaste","combustion",0.012849472597453,"disposal"
2018,"Lake","FoodWaste","composting",0,"recovery"
2018,"Lake","FoodWaste","landfilling",923.256021911286,"disposal"
2018,"Lake","Glass","landfilling",96.282812987381,"disposal"
2018,"Lake","Glass","recycling",86.282,"recovery"
2018,"Lake","Glass","recyclingPozzolan",0,"recovery"
2018,"Lake","Glass","recyclingToFiberglass",0,"recovery"
2018,"Lake","Glass","reuseContainer",0,"recovery"
2018,"Lake","Glass","useAsAggregate",0,"recovery"
2018,"Lake","PaperFiber","combustion",0.0106527919987284,"disposal"
2018,"Lake","PaperFiber","landfilling",765.420859759168,"disposal"
2018,"Lake","PaperFiber","recycling",28.59,"recovery"
2018,"Lake","PlasticFilm","combustion",0.00414155311783189,"disposal"
2018,"Lake","PlasticFilm","landfilling",297.577494103663,"disposal"
2018,"Lake","PlasticFilm","recycling",3.9,"recovery"
2018,"Lake","ScrapMetal","landfilling",240.969561642093,"disposal"
2018,"Lake","ScrapMetal","recycling",8.117,"recovery"
2018,"Lake","TinnedCan","landfilling",39.4968545527294,"disposal"
2018,"Lake","TinnedCan","recycling",0,"recovery"
2018,"Lane","Aluminum","landfilling",1190.07905325246,"disposal"
2018,"Lane","Aluminum","recycling",2598.76,"recovery"
2018,"Lane","Cardboard","combustion",0.00310202839540891,"disposal"
2018,"Lane","Cardboard","landfilling",7713.97309037458,"disposal"
2018,"Lane","Cardboard","recycling",36567.382,"recovery"
2018,"Lane","Carpeting","combustion",0.00341181118812135,"disposal"
2018,"Lane","Carpeting","landfilling",8484.32584742272,"disposal"
2018,"Lane","Carpeting","recycling",0,"recovery"
2018,"Lane","FoodWaste","anaerobicDigestion",0,"recovery"
2018,"Lane","FoodWaste","combustion",0.0186193925827999,"disposal"
2018,"Lane","FoodWaste","combustion",1451.891,"recovery"
2018,"Lane","FoodWaste","composting",1567.926,"recovery"
2018,"Lane","FoodWaste","landfilling",46301.7983830884,"disposal"
2018,"Lane","Glass","landfilling",2193.55727686305,"disposal"
2018,"Lane","Glass","recycling",10553.708,"recovery"
2018,"Lane","Glass","recyclingPozzolan",0,"recovery"
2018,"Lane","Glass","recyclingToFiberglass",0,"recovery"
2018,"Lane","Glass","reuseContainer",0,"recovery"
2018,"Lane","Glass","useAsAggregate",0,"recovery"
2018,"Lane","PaperFiber","combustion",0.013323764082587,"disposal"
2018,"Lane","PaperFiber","landfilling",33132.8874189843,"disposal"
2018,"Lane","PaperFiber","recycling",19497.989,"recovery"
2018,"Lane","PlasticFilm","combustion",0.00487815125906699,"disposal"
2018,"Lane","PlasticFilm","landfilling",12130.7488993051,"disposal"
2018,"Lane","PlasticFilm","recycling",377.633,"recovery"
2018,"Lane","ScrapMetal","landfilling",8461.20938655779,"disposal"
2018,"Lane","ScrapMetal","recycling",100553.079,"recovery"
2018,"Lane","TinnedCan","landfilling",1465.56154553933,"disposal"
2018,"Lane","TinnedCan","recycling",858.075,"recovery"
2018,"Lincoln","Aluminum","landfilling",205.211851790767,"disposal"
2018,"Lincoln","Aluminum","recycling",235.384,"recovery"
2018,"Lincoln","Cardboard","combustion",0.00680119529112424,"disposal"
2018,"Lincoln","Cardboard","landfilling",1795.6227993438,"disposal"
2018,"Lincoln","Cardboard","recycling",3609.654,"recovery"
2018,"Lincoln","Carpeting","combustion",0.00503107610760964,"disposal"
2018,"Lincoln","Carpeting","landfilling",1328.28342333402,"disposal"
2018,"Lincoln","Carpeting","recycling",0,"recovery"
2018,"Lincoln","FoodWaste","anaerobicDigestion",0,"recovery"
2018,"Lincoln","FoodWaste","combustion",0.0314098219047166,"disposal"
2018,"Lincoln","FoodWaste","combustion",15.257,"recovery"
2018,"Lincoln","FoodWaste","composting",66.188,"recovery"
2018,"Lincoln","FoodWaste","landfilling",8292.68825864203,"disposal"
2018,"Lincoln","Glass","landfilling",864.812504679447,"disposal"
2018,"Lincoln","Glass","recycling",1252.537,"recovery"
2018,"Lincoln","Glass","recyclingPozzolan",0,"recovery"
2018,"Lincoln","Glass","recyclingToFiberglass",0,"recovery"
2018,"Lincoln","Glass","reuseContainer",0,"recovery"
2018,"Lincoln","Glass","useAsAggregate",0,"recovery"
2018,"Lincoln","PaperFiber","combustion",0.0260401582189742,"disposal"
2018,"Lincoln","PaperFiber","landfilling",6875.0123757703,"disposal"
2018,"Lincoln","PaperFiber","recycling",2124.861,"recovery"
2018,"Lincoln","PlasticFilm","combustion",0.0101237965102014,"disposal"
2018,"Lincoln","PlasticFilm","landfilling",2672.8419125618,"disposal"
2018,"Lincoln","PlasticFilm","recycling",10.944,"recovery"
2018,"Lincoln","ScrapMetal","landfilling",2164.38929949542,"disposal"
2018,"Lincoln","ScrapMetal","recycling",3051.521,"recovery"
2018,"Lincoln","TinnedCan","landfilling",354.76086180804,"disposal"
2018,"Lincoln","TinnedCan","recycling",99.516,"recovery"
2018,"Linn","Aluminum","landfilling",390.180028597336,"disposal"
2018,"Linn","Aluminum","recycling",1049.576,"recovery"
2018,"Linn","Cardboard","combustion",2.99190763761871,"disposal"
2018,"Linn","Cardboard","landfilling",3414.11155878237,"disposal"
2018,"Linn","Cardboard","recycling",35224.282,"recovery"
2018,"Linn","Carpeting","combustion",2.21321611679675,"disposal"
2018,"Linn","Carpeting","landfilling",2525.5347562979,"disposal"
2018,"Linn","Carpeting","recycling",0,"recovery"
2018,"Linn","FoodWaste","anaerobicDigestion",0,"recovery"
2018,"Linn","FoodWaste","combustion",13.8174661997437,"disposal"
2018,"Linn","FoodWaste","combustion",43.112,"recovery"
2018,"Linn","FoodWaste","composting",489.47,"recovery"
2018,"Linn","FoodWaste","landfilling",15767.3219829661,"disposal"
2018,"Linn","Glass","landfilling",1644.31325414482,"disposal"
2018,"Linn","Glass","recycling",2378.61,"recovery"
2018,"Linn","Glass","recyclingPozzolan",0,"recovery"
2018,"Linn","Glass","recyclingToFiberglass",0,"recovery"
2018,"Linn","Glass","reuseContainer",0,"recovery"
2018,"Linn","Glass","useAsAggregate",0,"recovery"
2018,"Linn","PaperFiber","combustion",11.4553023292572,"disposal"
2018,"Linn","PaperFiber","landfilling",13071.8206671618,"disposal"
2018,"Linn","PaperFiber","recycling",5890.512,"recovery"
2018,"Linn","PlasticFilm","combustion",4.45355011935886,"disposal"
2018,"Linn","PlasticFilm","landfilling",5082.01414674064,"disposal"
2018,"Linn","PlasticFilm","recycling",696.156,"recovery"
2018,"Linn","ScrapMetal","landfilling",4115.26659597586,"disposal"
2018,"Linn","ScrapMetal","recycling",9632.056,"recovery"
2018,"Linn","TinnedCan","landfilling",674.525384365274,"disposal"
2018,"Linn","TinnedCan","recycling",224.961,"recovery"
2018,"Malheur","Aluminum","landfilling",92.341019274057,"disposal"
2018,"Malheur","Aluminum","recycling",268.331,"recovery"
2018,"Malheur","Cardboard","combustion",0,"disposal"
2018,"Malheur","Cardboard","landfilling",807.992511525117,"disposal"
2018,"Malheur","Cardboard","recycling",2474.714,"recovery"
2018,"Malheur","Carpeting","combustion",0,"disposal"
2018,"Malheur","Carpeting","landfilling",597.699616884486,"disposal"
2018,"Malheur","Carpeting","recycling",0,"recovery"
2018,"Malheur","FoodWaste","anaerobicDigestion",0,"recovery"
2018,"Malheur","FoodWaste","combustion",0,"disposal"
2018,"Malheur","FoodWaste","combustion",36.178,"recovery"
2018,"Malheur","FoodWaste","composting",61.134,"recovery"
2018,"Malheur","FoodWaste","landfilling",3731.53538473875,"disposal"
2018,"Malheur","Glass","landfilling",389.147446729699,"disposal"
2018,"Malheur","Glass","recycling",670.832,"recovery"
2018,"Malheur","Glass","recyclingPozzolan",0,"recovery"
2018,"Malheur","Glass","recyclingToFiberglass",0,"recovery"
2018,"Malheur","Glass","reuseContainer",0,"recovery"
2018,"Malheur","Glass","useAsAggregate",0,"recovery"
2018,"Malheur","PaperFiber","combustion",0,"disposal"
2018,"Malheur","PaperFiber","landfilling",3093.6110403003,"disposal"
2018,"Malheur","PaperFiber","recycling",112.384,"recovery"
2018,"Malheur","PlasticFilm","combustion",0,"disposal"
2018,"Malheur","PlasticFilm","landfilling",1202.72267128132,"disposal"
2018,"Malheur","PlasticFilm","recycling",220.041,"recovery"
2018,"Malheur","ScrapMetal","landfilling",973.929684261355,"disposal"
2018,"Malheur","ScrapMetal","recycling",66.351,"recovery"
2018,"Malheur","TinnedCan","landfilling",159.634929912812,"disposal"
2018,"Malheur","TinnedCan","recycling",103.848,"recovery"
2018,"Marion","Aluminum","landfilling",539.02475745703,"disposal"
2018,"Marion","Aluminum","recycling",3283.831,"recovery"
2018,"Marion","Cardboard","combustion",4900.23058620964,"disposal"
2018,"Marion","Cardboard","landfilling",4502.68831968965,"disposal"
2018,"Marion","Cardboard","recycling",33283.578,"recovery"
2018,"Marion","Carpeting","combustion",4295.59602253582,"disposal"
2018,"Marion","Carpeting","landfilling",3947.10609970262,"disposal"
2018,"Marion","Carpeting","recycling",0,"recovery"
2018,"Marion","FoodWaste","anaerobicDigestion",0,"recovery"
2018,"Marion","FoodWaste","combustion",22570.1029517072,"disposal"
2018,"Marion","FoodWaste","combustion",24.626,"recovery"
2018,"Marion","FoodWaste","composting",1786.967,"recovery"
2018,"Marion","FoodWaste","landfilling",20739.0524072161,"disposal"
2018,"Marion","Glass","landfilling",1308.11336670429,"disposal"
2018,"Marion","Glass","recycling",10189.33,"recovery"
2018,"Marion","Glass","recyclingPozzolan",0,"recovery"
2018,"Marion","Glass","recyclingToFiberglass",0,"recovery"
2018,"Marion","Glass","reuseContainer",0,"recovery"
2018,"Marion","Glass","useAsAggregate",0,"recovery"
2018,"Marion","PaperFiber","combustion",18649.4196631013,"disposal"
2018,"Marion","PaperFiber","landfilling",17136.4433996952,"disposal"
2018,"Marion","PaperFiber","recycling",14932.704,"recovery"
2018,"Marion","PlasticFilm","combustion",8193.53102283056,"disposal"
2018,"Marion","PlasticFilm","landfilling",7528.8123251463,"disposal"
2018,"Marion","PlasticFilm","recycling",1235.422,"recovery"
2018,"Marion","ScrapMetal","landfilling",4079.62202780033,"disposal"
2018,"Marion","ScrapMetal","recycling",69657.628,"recovery"
2018,"Marion","TinnedCan","landfilling",740.918498613356,"disposal"
2018,"Marion","TinnedCan","recycling",547.411,"recovery"
2018,"Metro","Aluminum","landfilling",5339.71412170098,"disposal"
2018,"Metro","Aluminum","recycling",13175.421,"recovery"
2018,"Metro","Cardboard","combustion",131.421375396238,"disposal"
2018,"Metro","Cardboard","landfilling",52943.6977419843,"disposal"
2018,"Metro","Cardboard","recycling",189108.91,"recovery"
2018,"Metro","Carpeting","combustion",72.7710920889786,"disposal"
2018,"Metro","Carpeting","landfilling",29316.1648346535,"disposal"
2018,"Metro","Carpeting","recycling",0,"recovery"
2018,"Metro","FoodWaste","anaerobicDigestion",0,"recovery"
2018,"Metro","FoodWaste","combustion",457.276996478197,"disposal"
2018,"Metro","FoodWaste","combustion",13393.607,"recovery"
2018,"Metro","FoodWaste","composting",23492.812,"recovery"
2018,"Metro","FoodWaste","landfilling",184216.114105568,"disposal"
2018,"Metro","Glass","landfilling",11335.8802644526,"disposal"
2018,"Metro","Glass","recycling",59679.178,"recovery"
2018,"Metro","Glass","recyclingPozzolan",0,"recovery"
2018,"Metro","Glass","recyclingToFiberglass",0,"recovery"
2018,"Metro","Glass","reuseContainer",0,"recovery"
2018,"Metro","Glass","useAsAggregate",0,"recovery"
2018,"Metro","PaperFiber","combustion",393.48516890038,"disposal"
2018,"Metro","PaperFiber","landfilling",158517.286745819,"disposal"
2018,"Metro","PaperFiber","recycling",135883.584,"recovery"
2018,"Metro","PlasticFilm","combustion",195.672064721256,"disposal"
2018,"Metro","PlasticFilm","landfilling",78827.3796398628,"disposal"
2018,"Metro","PlasticFilm","recycling",4473.638,"recovery"
2018,"Metro","ScrapMetal","landfilling",39867.6136268755,"disposal"
2018,"Metro","ScrapMetal","recycling",232715.674,"recovery"
2018,"Metro","TinnedCan","landfilling",5065.48824622358,"disposal"
2018,"Metro","TinnedCan","recycling",4400.419,"recovery"
2018,"Milton Freewater","Aluminum","landfilling",6.23546384886663,"disposal"
2018,"Milton Freewater","Aluminum","recycling",56.369,"recovery"
2018,"Milton Freewater","Cardboard","combustion",0,"disposal"
2018,"Milton Freewater","Cardboard","landfilling",54.5608889243146,"disposal"
2018,"Milton Freewater","Cardboard","recycling",393.636,"recovery"
2018,"Milton Freewater","Carpeting","combustion",0,"disposal"
2018,"Milton Freewater","Carpeting","landfilling",40.3605503043404,"disposal"
2018,"Milton Freewater","Carpeting","recycling",0,"recovery"
2018,"Milton Freewater","FoodWaste","anaerobicDigestion",0,"recovery"
2018,"Milton Freewater","FoodWaste","combustion",0,"disposal"
2018,"Milton Freewater","FoodWaste","composting",0,"recovery"
2018,"Milton Freewater","FoodWaste","landfilling",251.977443775544,"disposal"
2018,"Milton Freewater","Glass","landfilling",26.2777566788621,"disposal"
2018,"Milton Freewater","Glass","recycling",187.538,"recovery"
2018,"Milton Freewater","Glass","recyclingPozzolan",0,"recovery"
2018,"Milton Freewater","Glass","recyclingToFiberglass",0,"recovery"
2018,"Milton Freewater","Glass","reuseContainer",0,"recovery"
2018,"Milton Freewater","Glass","useAsAggregate",0,"recovery"
2018,"Milton Freewater","PaperFiber","combustion",0,"disposal"
2018,"Milton Freewater","PaperFiber","landfilling",208.900659272522,"disposal"
2018,"Milton Freewater","PaperFiber","recycling",78.627,"recovery"
2018,"Milton Freewater","PlasticFilm","combustion",0,"disposal"
2018,"Milton Freewater","PlasticFilm","landfilling",81.215626554102,"disposal"
2018,"Milton Freewater","PlasticFilm","recycling",10.403,"recovery"
2018,"Milton Freewater","ScrapMetal","landfilling",65.7660418445905,"disposal"
2018,"Milton Freewater","ScrapMetal","recycling",99.367,"recovery"
2018,"Milton Freewater","TinnedCan","landfilling",10.7795846560181,"disposal"
2018,"Milton Freewater","TinnedCan","recycling",3.783,"recovery"
2018,"Morrow","Aluminum","landfilling",67.4644617251223,"disposal"
2018,"Morrow","Aluminum","recycling",34.056,"recovery"
2018,"Morrow","Cardboard","combustion",0,"disposal"
2018,"Morrow","Cardboard","landfilling",590.320318061362,"disposal"
2018,"Morrow","Cardboard","recycling",2551.381,"recovery"
2018,"Morrow","Carpeting","combustion",0,"disposal"
2018,"Morrow","Carpeting","landfilling",436.68007179722,"disposal"
2018,"Morrow","Carpeting","recycling",0,"recovery"
2018,"Morrow","FoodWaste","anaerobicDigestion",0,"recovery"
2018,"Morrow","FoodWaste","combustion",0,"disposal"
2018,"Morrow","FoodWaste","composting",0,"recovery"
2018,"Morrow","FoodWaste","landfilling",2726.26432022041,"disposal"
2018,"Morrow","Glass","landfilling",284.311600973423,"disposal"
2018,"Morrow","Glass","recycling",67.083,"recovery"
2018,"Morrow","Glass","recyclingPozzolan",0,"recovery"
2018,"Morrow","Glass","recyclingToFiberglass",0,"recovery"
2018,"Morrow","Glass","reuseContainer",0,"recovery"
2018,"Morrow","Glass","useAsAggregate",0,"recovery"
2018,"Morrow","PaperFiber","combustion",0,"disposal"
2018,"Morrow","PaperFiber","landfilling",2260.19601322932,"disposal"
2018,"Morrow","PaperFiber","recycling",82.697,"recovery"
2018,"Morrow","PlasticFilm","combustion",0,"disposal"
2018,"Morrow","PlasticFilm","landfilling",878.71065600628,"disposal"
2018,"Morrow","PlasticFilm","recycling",623.38,"recovery"
2018,"Morrow","ScrapMetal","landfilling",711.554219602062,"disposal"
2018,"Morrow","ScrapMetal","recycling",1412.49,"recovery"
2018,"Morrow","TinnedCan","landfilling",116.629475218725,"disposal"
2018,"Morrow","TinnedCan","recycling",3.95,"recovery"
2018,"Polk","Aluminum","landfilling",178.422804332866,"disposal"
2018,"Polk","Aluminum","recycling",296.635,"recovery"
2018,"Polk","Cardboard","combustion",8.88483421214755,"disposal"
2018,"Polk","Cardboard","landfilling",1561.21614120811,"disposal"
2018,"Polk","Cardboard","recycling",4959.327,"recovery"
2018,"Polk","Carpeting","combustion",6.57241487877042,"disposal"
2018,"Polk","Carpeting","landfilling",1154.88482400985,"disposal"
2018,"Polk","Carpeting","recycling",0,"recovery"
2018,"Polk","FoodWaste","anaerobicDigestion",0,"recovery"
2018,"Polk","FoodWaste","combustion",41.0326491610503,"disposal"
2018,"Polk","FoodWaste","composting",272.861,"recovery"
2018,"Polk","FoodWaste","landfilling",7210.13275623934,"disposal"
2018,"Polk","Glass","landfilling",751.916962692595,"disposal"
2018,"Polk","Glass","recycling",1009.054,"recovery"
2018,"Polk","Glass","recyclingPozzolan",0,"recovery"
2018,"Polk","Glass","recyclingToFiberglass",0,"recovery"
2018,"Polk","Glass","reuseContainer",0,"recovery"
2018,"Polk","Glass","useAsAggregate",0,"recovery"
2018,"Polk","PaperFiber","combustion",34.0179157824819,"disposal"
2018,"Polk","PaperFiber","landfilling",5977.525065944,"disposal"
2018,"Polk","PaperFiber","recycling",2568.882,"recovery"
2018,"Polk","PlasticFilm","combustion",13.2253596228949,"disposal"
2018,"Polk","PlasticFilm","landfilling",2323.92011190435,"disposal"
2018,"Polk","PlasticFilm","recycling",150.275,"recovery"
2018,"Polk","ScrapMetal","landfilling",1881.84261831896,"disposal"
2018,"Polk","ScrapMetal","recycling",7630.105,"recovery"
2018,"Polk","TinnedCan","landfilling",308.449182047597,"disposal"
2018,"Polk","TinnedCan","recycling",138.87,"recovery"
2018,"Sherman","Aluminum","landfilling",4.35683116657012,"disposal"
2018,"Sherman","Aluminum","recycling",8.004,"recovery"
2018,"Sherman","Cardboard","combustion",0,"disposal"
2018,"Sherman","Cardboard","landfilling",38.1226781363557,"disposal"
2018,"Sherman","Cardboard","recycling",42.226,"recovery"
2018,"Sherman","Carpeting","combustion",0,"disposal"
2018,"Sherman","Carpeting","landfilling",28.200645168977,"disposal"
2018,"Sherman","Carpeting","recycling",0,"recovery"
2018,"Sherman","FoodWaste","anaerobicDigestion",0,"recovery"
2018,"Sherman","FoodWaste","combustion",0,"disposal"
2018,"Sherman","FoodWaste","composting",0,"recovery"
2018,"Sherman","FoodWaste","landfilling",176.061189178974,"disposal"
2018,"Sherman","Glass","landfilling",18.3607430114156,"disposal"
2018,"Sherman","Glass","recycling",9.035,"recovery"
2018,"Sherman","Glass","recyclingPozzolan",0,"recovery"
2018,"Sherman","Glass","recyclingToFiberglass",0,"recovery"
2018,"Sherman","Glass","reuseContainer",0,"recovery"
2018,"Sherman","Glass","useAsAggregate",0,"recovery"
2018,"Sherman","PaperFiber","combustion",0,"disposal"
2018,"Sherman","PaperFiber","landfilling",145.962662136354,"disposal"
2018,"Sherman","PaperFiber","recycling",0,"recovery"
2018,"Sherman","PlasticFilm","combustion",0,"disposal"
2018,"Sherman","PlasticFilm","landfilling",56.7468245442152,"disposal"
2018,"Sherman","PlasticFilm","recycling",0,"recovery"
2018,"Sherman","ScrapMetal","landfilling",45.9519207801272,"disposal"
2018,"Sherman","ScrapMetal","recycling",52.699,"recovery"
2018,"Sherman","TinnedCan","landfilling",7.53189041430446,"disposal"
2018,"Sherman","TinnedCan","recycling",0,"recovery"
2018,"Tillamook","Aluminum","landfilling",99.7492546341945,"disposal"
2018,"Tillamook","Aluminum","recycling",148.686,"recovery"
2018,"Tillamook","Cardboard","combustion",0.00123658096202423,"disposal"
2018,"Tillamook","Cardboard","landfilling",872.815260306366,"disposal"
2018,"Tillamook","Cardboard","recycling",2822.345,"recovery"
2018,"Tillamook","Carpeting","combustion",0.000914741110475696,"disposal"
2018,"Tillamook","Carpeting","landfilling",645.651214899695,"disposal"
2018,"Tillamook","Carpeting","recycling",0,"recovery"
2018,"Tillamook","FoodWaste","anaerobicDigestion",0,"recovery"
2018,"Tillamook","FoodWaste","combustion",0.00571087670995607,"disposal"
2018,"Tillamook","FoodWaste","composting",2.975,"recovery"
2018,"Tillamook","FoodWaste","landfilling",4030.90496720763,"disposal"
2018,"Tillamook","Glass","landfilling",420.367546939055,"disposal"
2018,"Tillamook","Glass","recycling",682.222,"recovery"
2018,"Tillamook","Glass","recyclingPozzolan",0,"recovery"
2018,"Tillamook","Glass","recyclingToFiberglass",0,"recovery"
2018,"Tillamook","Glass","reuseContainer",0,"recovery"
2018,"Tillamook","Glass","useAsAggregate",0,"recovery"
2018,"Tillamook","PaperFiber","combustion",0.00473457422163796,"disposal"
2018,"Tillamook","PaperFiber","landfilling",3341.80191884417,"disposal"
2018,"Tillamook","PaperFiber","recycling",708.147,"recovery"
2018,"Tillamook","PlasticFilm","combustion",0.00184069027458452,"disposal"
2018,"Tillamook","PlasticFilm","landfilling",1299.21340413083,"disposal"
2018,"Tillamook","PlasticFilm","recycling",18.159,"recovery"
2018,"Tillamook","ScrapMetal","landfilling",1052.06506095477,"disposal"
2018,"Tillamook","ScrapMetal","recycling",3526.613,"recovery"
2018,"Tillamook","TinnedCan","landfilling",172.441948308215,"disposal"
2018,"Tillamook","TinnedCan","recycling",26.142,"recovery"
2018,"Umatilla","Aluminum","landfilling",293.609799020924,"disposal"
2018,"Umatilla","Aluminum","recycling",1044.719,"recovery"
2018,"Umatilla","Cardboard","combustion",0,"disposal"
2018,"Umatilla","Cardboard","landfilling",2569.11306355865,"disposal"
2018,"Umatilla","Cardboard","recycling",5384.352,"recovery"
2018,"Umatilla","Carpeting","combustion",0,"disposal"
2018,"Umatilla","Carpeting","landfilling",1900.46055120425,"disposal"
2018,"Umatilla","Carpeting","recycling",0,"recovery"
2018,"Umatilla","FoodWaste","anaerobicDigestion",0,"recovery"
2018,"Umatilla","FoodWaste","combustion",0,"disposal"
2018,"Umatilla","FoodWaste","combustion",24.321,"recovery"
2018,"Umatilla","FoodWaste","composting",201.139,"recovery"
2018,"Umatilla","FoodWaste","landfilling",11864.8826162613,"disposal"
2018,"Umatilla","Glass","landfilling",1237.34288967192,"disposal"
2018,"Umatilla","Glass","recycling",1513.389,"recovery"
2018,"Umatilla","Glass","recyclingPozzolan",0,"recovery"
2018,"Umatilla","Glass","recyclingToFiberglass",0,"recovery"
2018,"Umatilla","Glass","reuseContainer",0,"recovery"
2018,"Umatilla","Glass","useAsAggregate",0,"recovery"
2018,"Umatilla","PaperFiber","combustion",0,"disposal"
2018,"Umatilla","PaperFiber","landfilling",9836.52252197601,"disposal"
2018,"Umatilla","PaperFiber","recycling",646.93,"recovery"
2018,"Umatilla","PlasticFilm","combustion",0,"disposal"
2018,"Umatilla","PlasticFilm","landfilling",3824.20688626758,"disposal"
2018,"Umatilla","PlasticFilm","recycling",115.709,"recovery"
2018,"Umatilla","ScrapMetal","landfilling",3096.73102056419,"disposal"
2018,"Umatilla","ScrapMetal","recycling",19529.113,"recovery"
2018,"Umatilla","TinnedCan","landfilling",507.579189150102,"disposal"
2018,"Umatilla","TinnedCan","recycling",15.71,"recovery"
2018,"Union","Aluminum","landfilling",66.9304516823919,"disposal"
2018,"Union","Aluminum","recycling",110.478,"recovery"
2018,"Union","Cardboard","combustion",0,"disposal"
2018,"Union","Cardboard","landfilling",585.647680494684,"disposal"
2018,"Union","Cardboard","recycling",2191.547,"recovery"
2018,"Union","Carpeting","combustion",0,"disposal"
2018,"Union","Carpeting","landfilling",433.223562431592,"disposal"
2018,"Union","Carpeting","recycling",0,"recovery"
2018,"Union","FoodWaste","anaerobicDigestion",0,"recovery"
2018,"Union","FoodWaste","combustion",0,"disposal"
2018,"Union","FoodWaste","composting",83.36,"recovery"
2018,"Union","FoodWaste","landfilling",2704.68477316841,"disposal"
2018,"Union","Glass","landfilling",282.061153162794,"disposal"
2018,"Union","Glass","recycling",357.242,"recovery"
2018,"Union","Glass","recyclingPozzolan",0,"recovery"
2018,"Union","Glass","recyclingToFiberglass",0,"recovery"
2018,"Union","Glass","reuseContainer",0,"recovery"
2018,"Union","Glass","useAsAggregate",0,"recovery"
2018,"Union","PaperFiber","combustion",0,"disposal"
2018,"Union","PaperFiber","landfilling",2242.30559598237,"disposal"
2018,"Union","PaperFiber","recycling",881.852,"recovery"
2018,"Union","PlasticFilm","combustion",0,"disposal"
2018,"Union","PlasticFilm","landfilling",871.755285682962,"disposal"
2018,"Union","PlasticFilm","recycling",12.433,"recovery"
2018,"Union","ScrapMetal","landfilling",705.921963900344,"disposal"
2018,"Union","ScrapMetal","recycling",272.485,"recovery"
2018,"Union","TinnedCan","landfilling",115.706303085537,"disposal"
2018,"Union","TinnedCan","recycling",26.027,"recovery"
2018,"Wallowa","Aluminum","landfilling",18.0357972895489,"disposal"
2018,"Wallowa","Aluminum","recycling",32.193,"recovery"
2018,"Wallowa","Cardboard","combustion",0.000618290481022401,"disposal"
2018,"Wallowa","Cardboard","landfilling",157.814904620992,"disposal"
2018,"Wallowa","Cardboard","recycling",216.107,"recovery"
2018,"Wallowa","Carpeting","combustion",0.000457370555245456,"disposal"
2018,"Wallowa","Carpeting","landfilling",116.741067132646,"disposal"
2018,"Wallowa","Carpeting","recycling",0,"recovery"
2018,"Wallowa","FoodWaste","anaerobicDigestion",0,"recovery"
2018,"Wallowa","FoodWaste","combustion",0.00285543835502553,"disposal"
2018,"Wallowa","FoodWaste","composting",0,"recovery"
2018,"Wallowa","FoodWaste","landfilling",728.833364706373,"disposal"
2018,"Wallowa","Glass","landfilling",76.0072232268963,"disposal"
2018,"Wallowa","Glass","recycling",177.981,"recovery"
2018,"Wallowa","Glass","recyclingPozzolan",0,"recovery"
2018,"Wallowa","Glass","recyclingToFiberglass",0,"recovery"
2018,"Wallowa","Glass","reuseContainer",0,"recovery"
2018,"Wallowa","Glass","useAsAggregate",0,"recovery"
2018,"Wallowa","PaperFiber","combustion",0.00236728711085836,"disposal"
2018,"Wallowa","PaperFiber","landfilling",604.235712949754,"disposal"
2018,"Wallowa","PaperFiber","recycling",29.246,"recovery"
2018,"Wallowa","PlasticFilm","combustion",0.000920345137307569,"disposal"
2018,"Wallowa","PlasticFilm","landfilling",234.912528205858,"disposal"
2018,"Wallowa","PlasticFilm","recycling",3.703,"recovery"
2018,"Wallowa","ScrapMetal","landfilling",190.225302879532,"disposal"
2018,"Wallowa","ScrapMetal","recycling",86.328,"recovery"
2018,"Wallowa","TinnedCan","landfilling",31.1794612932944,"disposal"
2018,"Wallowa","TinnedCan","recycling",0,"recovery"
2018,"Wasco","Aluminum","landfilling",80.9434289033726,"disposal"
2018,"Wasco","Aluminum","recycling",204.394,"recovery"
2018,"Wasco","Cardboard","combustion",0.00278230716452787,"disposal"
2018,"Wasco","Cardboard","landfilling",708.262535168542,"disposal"
2018,"Wasco","Cardboard","recycling",1839.068,"recovery"
2018,"Wasco","Carpeting","combustion",0.0020581674985506,"disposal"
2018,"Wasco","Carpeting","landfilling",523.925952141343,"disposal"
2018,"Wasco","Carpeting","recycling",0,"recovery"
2018,"Wasco","FoodWaste","anaerobicDigestion",0,"recovery"
2018,"Wasco","FoodWaste","combustion",0.0128494725972781,"disposal"
2018,"Wasco","FoodWaste","composting",3.077,"recovery"
2018,"Wasco","FoodWaste","landfilling",3270.95446302788,"disposal"
2018,"Wasco","Glass","landfilling",341.115237138647,"disposal"
2018,"Wasco","Glass","recycling",620.482,"recovery"
2018,"Wasco","Glass","recyclingPozzolan",0,"recovery"
2018,"Wasco","Glass","recyclingToFiberglass",0,"recovery"
2018,"Wasco","Glass","reuseContainer",0,"recovery"
2018,"Wasco","Glass","useAsAggregate",0,"recovery"
2018,"Wasco","PaperFiber","combustion",0.0106527919985834,"disposal"
2018,"Wasco","PaperFiber","landfilling",2711.76869460426,"disposal"
2018,"Wasco","PaperFiber","recycling",296.73,"recovery"
2018,"Wasco","PlasticFilm","combustion",0.0041415531177755,"disposal"
2018,"Wasco","PlasticFilm","landfilling",1054.27141479133,"disposal"
2018,"Wasco","PlasticFilm","recycling",19.422,"recovery"
2018,"Wasco","ScrapMetal","landfilling",853.718193438234,"disposal"
2018,"Wasco","ScrapMetal","recycling",592.911,"recovery"
2018,"Wasco","TinnedCan","landfilling",139.931297071168,"disposal"
2018,"Wasco","TinnedCan","recycling",13.32,"recovery"
2018,"Wheeler","Aluminum","landfilling",1.32867444785286,"disposal"
2018,"Wheeler","Aluminum","recycling",3.992,"recovery"
2018,"Wheeler","Cardboard","combustion",0.000618290481011309,"disposal"
2018,"Wheeler","Cardboard","landfilling",11.6260250597157,"disposal"
2018,"Wheeler","Cardboard","recycling",16.695,"recovery"
2018,"Wheeler","Carpeting","combustion",0.000457370555237251,"disposal"
2018,"Wheeler","Carpeting","landfilling",8.60016723541814,"disposal"
2018,"Wheeler","Carpeting","recycling",0,"recovery"
2018,"Wheeler","FoodWaste","anaerobicDigestion",0,"recovery"
2018,"Wheeler","FoodWaste","combustion",0.00285543835497431,"disposal"
2018,"Wheeler","FoodWaste","composting",0,"recovery"
2018,"Wheeler","FoodWaste","landfilling",53.6922351078499,"disposal"
2018,"Wheeler","Glass","landfilling",5.59935630970663,"disposal"
2018,"Wheeler","Glass","recycling",9.712,"recovery"
2018,"Wheeler","Glass","recyclingPozzolan",0,"recovery"
2018,"Wheeler","Glass","recyclingToFiberglass",0,"recovery"
2018,"Wheeler","Glass","reuseContainer",0,"recovery"
2018,"Wheeler","Glass","useAsAggregate",0,"recovery"
2018,"Wheeler","PaperFiber","combustion",0.00236728711081589,"disposal"
2018,"Wheeler","PaperFiber","landfilling",44.5132831883016,"disposal"
2018,"Wheeler","PaperFiber","recycling",0,"recovery"
2018,"Wheeler","PlasticFilm","combustion",0.000920345137291059,"disposal"
2018,"Wheeler","PlasticFilm","landfilling",17.3057097890816,"disposal"
2018,"Wheeler","PlasticFilm","recycling",0,"recovery"
2018,"Wheeler","ScrapMetal","landfilling",14.013658238306,"disposal"
2018,"Wheeler","ScrapMetal","recycling",83.642,"recovery"
2018,"Wheeler","TinnedCan","landfilling",2.29695160425335,"disposal"
2018,"Wheeler","TinnedCan","recycling",0,"recovery"
2018,"Yamhill","Aluminum","landfilling",317.12722015724,"disposal"
2018,"Yamhill","Aluminum","recycling",312.34,"recovery"
2018,"Yamhill","Cardboard","combustion",0.0426620431901023,"disposal"
2018,"Yamhill","Cardboard","landfilling",2774.89268693633,"disposal"
2018,"Yamhill","Cardboard","recycling",6895.526,"recovery"
2018,"Yamhill","Carpeting","combustion",0.0315585683116085,"disposal"
2018,"Yamhill","Carpeting","landfilling",2052.68275660974,"disposal"
2018,"Yamhill","Carpeting","recycling",0,"recovery"
2018,"Yamhill","FoodWaste","anaerobicDigestion",0,"recovery"
2018,"Yamhill","FoodWaste","combustion",0.197025246494714,"disposal"
2018,"Yamhill","FoodWaste","composting",15.359,"recovery"
2018,"Yamhill","FoodWaste","landfilling",12815.230466197,"disposal"
2018,"Yamhill","Glass","landfilling",1336.45100501234,"disposal"
2018,"Yamhill","Glass","recycling",2712.759,"recovery"
2018,"Yamhill","Glass","recyclingPozzolan",0,"recovery"
2018,"Yamhill","Glass","recyclingToFiberglass",0,"recovery"
2018,"Yamhill","Glass","reuseContainer",0,"recovery"
2018,"Yamhill","Glass","useAsAggregate",0,"recovery"
2018,"Yamhill","PaperFiber","combustion",0.163342810647529,"disposal"
2018,"Yamhill","PaperFiber","landfilling",10624.4037283852,"disposal"
2018,"Yamhill","PaperFiber","recycling",4698.902,"recovery"
2018,"Yamhill","PlasticFilm","combustion",0.0635038144735623,"disposal"
2018,"Yamhill","PlasticFilm","landfilling",4130.51643096484,"disposal"
2018,"Yamhill","PlasticFilm","recycling",97.092,"recovery"
2018,"Yamhill","ScrapMetal","landfilling",3344.77154168901,"disposal"
2018,"Yamhill","ScrapMetal","recycling",1889.432,"recovery"
2018,"Yamhill","TinnedCan","landfilling",548.235030988754,"disposal"
2018,"Yamhill","TinnedCan","recycling",602.936,"recovery"
